Time;Cube Type;Cube Pos;;;Cube Rot;;;Controller Pos;;;Controller Rot;;;Controller Velocity;;;Controller Acceleration;;;Controller Angular Velocity;;;Controller Angular Acceleration;;
35,38333;0;0;0;-45,38799;0;0;90;-0,6524322;1,38878;0,1038777;18,80564;338,1907;350,4057;0,7639115;-0,6071938;1,191092;12,75519;-6,486364;-0,1792547;0,4703833;6,670984;2,156496;37,4088;145,2395;61,44651
38,14603;0;0;0;-45,10335;0;0;0;-0,4088396;1,571641;0,4331132;355,696;351,7878;335,6187;-0,3928072;-2,261152;1,130449;-2,950898;-17,1567;-3,785961;7,691453;2,899137;0,1045535;94,01144;31,3955;16,1939
39,08295;0;0;0;-45,4602;0;0;180;-0,6546181;1,348502;0,3600575;27,69257;334,0742;348,6902;-0,254434;1,919331;1,247887;5,968225;10,83248;-4,829211;-6,003877;0,1012026;1,017453;-34,79287;35,65147;21,36783
40,39721;0;0;0;-45,37146;0;0;315;-0,631192;1,876156;0,3493427;337,2633;331,1974;340,1232;-1,186055;-0,6352587;0,6708558;-9,685321;-9,986904;2,881609;8,558385;-1,087401;2,1008;137,5672;-36,24411;106,3348
41,44548;0;0;0;-45,50525;0;0;225;-0,6699866;1,751591;0,3179547;0,754943;336,5893;336,325;-0,9334739;1,250926;-0,1209261;1,77972;4,437281;-8,603519;-2,952239;-7,290495;-0,7030082;-20,49367;-52,71983;34,30868
42,43364;0;0;0;-45,64743;0;0;135;-0,7309319;1,796094;0,2970524;346,1268;330,2069;334,7866;0,4838026;1,431474;-0,1500798;2,83541;-3,570874;-4,399632;-5,295892;-1,488105;1,214521;5,1299;28,90593;-0,09178391
44,22128;0;0;0;-45,02844;0;0;270;-0,5868627;1,374408;0,50597;23,81007;333,6649;321,3571;-1,478396;-0,1369429;0,9635454;-9,317397;4,849403;-10,11338;4,204308;-8,626922;0,2639599;72,314;-118,6203;-29,17138
49,45573;0;0;0;-45,53141;0;0;180;-0,3485507;1,78807;0,2975937;342,692;353,3134;347,2647;0,1602699;1,783151;-0,3794917;0,5672577;-4,425265;-7,453225;-6,506845;-1,29053;-0,4776777;-7,138931;12,81991;-18,84295
50,41865;0;0;0;-45,40026;0;0;315;-0,3067585;1,636117;0,3750804;357,2966;355,2402;335,4678;-0,7500023;-0,8986068;0,5779001;-8,336119;-6,997641;2,462777;5,584351;-1,080528;1,400304;76,36659;-16,01971;81,3616
52,93328;0;0;0;-45,27395;0;0;180;-0,6704345;1,769732;0,377147;351,6354;337,0194;343,9377;-0,04290459;1,814094;-0,04664098;2,371134;0,56106;-8,169668;-5,804378;-2,565236;-0,8264726;-12,06016;-28,67931;-2,247473
53,89634;0;0;0;-45,49616;0;0;180;-0,3979327;1,284519;0,3692867;39,13276;341,0731;345,8925;0,1069434;1,540619;1,382565;-0,5238391;9,861543;-6,918697;-5,549358;-1,26163;1,799587;-25,69057;3,573409;25,98886
54,85875;0;0;0;-45,38532;0;0;135;-0,3365909;1,5095;0,3064686;18,94977;344,1158;333,9718;0,2467067;1,481804;0,4438495;2,28748;1,738258;-6,009126;-5,425852;-0,5740148;-0,624923;-28,25391;11,80273;-21,636
55,96585;0;0;0;-45,46915;0;0;180;-0,6738464;1,36289;0,390867;12,35608;320,9543;336,7627;-0,1463415;1,648407;0,7517303;9,230997;6,242242;-9,421922;-6,400283;-3,216197;5,576928;-84,58524;56,43166;60,16998
56,49146;0;0;0;-45,28072;0;0;135;-0,5082531;1,534307;0,3913848;358,1899;351,0347;336,1866;0,4795498;1,398864;0,1565944;-0,5418695;4,456874;-5,923774;-6,498138;-1,851915;1,235117;-33,34013;-8,747131;10,74505
57,38348;0;0;0;-45,35921;0;0;45,00002;-0,6808097;1,369074;0,3891945;16,26824;335,3065;329,5762;0,09230813;-1,187879;0,2235787;5,424737;-6,797729;-3,487458;2,371431;3,308913;0,1448479;10,71255;60,32786;-26,00108
58,434;0;0;0;-45,36315;0;0;135;-0,7481623;1,741434;0,4072858;1,716875;339,4526;325,8192;0,2299405;1,805134;0,2449937;2,159344;0,538984;-6,601183;-4,245063;-1,596059;0,3291604;-0,5309755;-1,747608;-7,181149
59,04665;0;0;0;-45,23264;0;0;45,00002;-0,7811901;1,856668;0,5239925;359,7584;330,1509;329,1704;-0,06138517;-1,203385;0,8568808;6,460568;-9,855113;-3,702957;4,01411;4,369133;-1,382787;40,57893;57,85283;-34,02748
59,8599;0;0;0;-45,30966;0;0;180;-0,6847713;1,413586;0,4069253;8,214697;335,0028;302,9402;-0,2045234;1,786824;0,665223;1,770998;9,40997;-7,069612;-4,452435;-6,464095;1,309143;-34,11586;-42,31214;1,395335
60,51018;0;0;0;-45,48263;0;0;225;-0,4046608;1,5067;0,3691598;14,61136;4,022272;329,272;-0,601594;1,053604;0,5485091;-11,63161;2,446578;-5,135768;-1,083297;-6,58362;3,444659;10,37026;-33,48421;12,46485
64,48468;0;0;0;-45,40724;0;0;45,00002;-0,3114902;1,613446;0,3766811;2,681962;346,3187;332,6299;0,3670599;-0,6403631;0,539875;3,896978;-14,94848;-2,269613;2,873735;5,652272;-0,7879341;71,33936;69,85812;-32,64841
67,0103;0;0;0;-45,38607;0;0;0;-0,315279;1,364723;0,3167728;23,13721;349,8965;338,6111;-0,1352756;-1,451384;0,2739057;-1,028628;-14,49763;-3,700396;5,952129;2,725094;2,100226;84,3885;37,1343;31,14695
69,05029;0;0;0;-45,1968;0;0;315;-0,3299771;1,630581;0,46432;4,974123;351,3829;314,859;-0,3984546;-1,528899;0,8924159;-4,241964;-5,86048;-7,244264;7,425228;1,427375;1,602306;32,53165;29,44247;81,34138
70,51937;0;0;0;-45,15046;0;0;135;-0,6807634;1,804694;0,4944747;347,9495;329,8445;334,6387;0,08132271;1,670233;-0,02630707;1,662508;-0,6252177;-8,477998;-4,566864;-3,431425;2,606825;-22,32801;-21,94566;29,73173
72,09729;0;0;0;-45,24538;0;0;315;-0,3233621;1,549587;0,391407;349,8181;351,1685;319,722;-0,4338996;-1,01017;0,474873;-2,049501;-10,61258;-0,252463;3,883634;-0,9462129;-1,27315;16,89953;27,46358;13,78262
73,92238;0;0;0;-45,32333;0;0;180;-0,669062;1,496484;0,4677831;9,648176;333,6381;336,9987;-0,2969685;1,588295;0,6686298;1,289377;1,277086;-8,830379;-4,248833;-2,965505;1,633696;-1,728327;-4,032886;21,89896
76,53534;0;0;0;-45,22216;0;0;270;-0,2859473;1,814326;0,417246;341,6609;356,7172;320,3293;-0,8660635;0,5886593;0,3506279;-3,146909;-7,620254;-3,516905;2,319346;-3,620472;3,104561;-7,52717;26,63448;74,13375
78,48591;0;0;0;-45,17929;0;0;0;-0,6985088;1,954123;0,49362;351,2695;339,6249;342,4792;-0,6182643;-0,5078615;0,8784493;0,3794529;-18,75858;1,275906;7,38232;1,754292;2,48279;120,0938;27,66972;25,47156
81,68597;0;-0,00215435;0;-45,52186;4,829673E-06;4,829673E-06;90;0,1772712;1,580231;0,2496562;1,896274;67,54415;334,1706;0,3329508;-0,05122115;-0,1810167;-1,310548;-0,3890831;-14,16675;-1,413939;4,778538;-2,451502;-35,87658;90,38513;-59,58841
82,94819;0;-0,002117157;0;-45,23478;4,829673E-06;4,829673E-06;90;0,3999437;1,451839;0,3405406;27,82128;74,67705;316,9858;0,08091109;-0,7825254;-0,7860062;-3,891896;1,829339;-6,14255;-2,203116;4,263238;-0,838335;-23,73019;54,24241;-9,628402
87,14372;0;-0,001929283;0;-45,53879;0;1,366038E-05;180;0,3392816;1,365461;0,5762748;28,42272;51,58256;344,4942;0,3828856;0,9748359;0,7941363;-2,8384;2,88991;-4,402609;-3,089903;-1,239583;1,348408;-6,229599;11,9705;-23,95793
88,27433;0;-0,001850128;0;-45,27946;0;1,366038E-05;180;0,4690101;1,614672;0,6515288;14,11816;58,08596;353,0215;0,1245298;1,693159;0,09435997;-5,891477;6,457078;-3,496757;-4,729583;-0,2743975;0,918695;-25,62841;10,89428;-22,64758
88,33927;0;-0,001868248;0;-45,40736;0;1,366038E-05;180;0,4364256;1,761019;0,6390409;348,9048;56,84496;355,528;-0,3633865;1,829241;-0,136497;-5,834283;-3,66689;-4,509918;-5,545658;-0,8147364;0,6826717;3,479242;8,937468;8,852831
92,41916;0;-0,001887321;0;-45,52728;0;1,366038E-05;180;0,2916545;1,502194;0,3372587;9,865978;75,11551;328,1527;0,4523175;1,329231;-0,06747248;-5,458687;5,570516;2,551503;-4,949222;-2,758676;0,8574355;-9,695903;-10,95496;27,98334
96,23516;0;-0,002063751;0;-45,14209;4,829673E-06;4,829673E-06;90;0,6135076;1,298121;0,3255912;21,11097;61,67511;337,7602;0,172106;-0,3026449;-1,102378;-0,00733709;-2,109328;-18,21454;-0,5013088;2,266461;0,2055195;-33,35143;85,18864;-71,37476
96,29754;0;-0,002082825;0;-45,26651;4,829673E-06;4,829673E-06;90;0,5956843;1,270226;0,1779356;29,17281;97,03585;336,6758;-0,2231409;-0,3998455;-2,076267;-13,26854;1,936202;-7,632071;-1,57539;8,085717;-2,914786;-14,05996;59,55595;-50,27743
98,97448;0;-0,002101898;0;-45,19202;-4,732704E-06;1,96035E-06;315;0,3988279;1,613389;0,2904326;4,919332;83,29049;334,5601;0,5278536;-0,8174404;1,079911;-2,650705;-12,0824;9,926208;6,703853;-3,562667;2,376515;55,53801;-35,59229;22,83796
115,8499;0;-0,002120018;0;-45,47095;-4,732704E-06;1,96035E-06;315;0,286337;1,585816;0,5648257;11,34355;55,89974;349,7181;0,02950809;-0,9185922;1,033034;-5,012949;-5,579909;-9,580139;6,304194;-2,309041;2,70411;-27,51304;58,51535;47,36631
116,4167;0;-0,002061844;0;-45,28259;4,732703E-06;1,960351E-06;45,00002;0,4104994;1,406556;0,6264355;30,84933;61,38425;348,9998;0,4708166;-0,9616829;0,07955319;-1,870019;-5,631923;-4,902462;3,909408;3,41692;0,3501692;33,41443;57,70283;44,6167
117,3692;0;-0,001894951;0;-45,39919;4,829673E-06;4,829673E-06;90;0,3315237;1,823676;0,3565175;341,9073;65,91312;5,781098;0,5591561;0,7193206;-1,017241;-1,229311;-1,570382;-8,993031;-0,7859631;6,420029;-0,377536;-6,966402;73,43294;-26,82397
118,2872;0;-0,001826286;0;-45,42393;4,732703E-06;1,960351E-06;45,00002;0,3772993;1,429744;0,3799314;29,15413;62,66599;342,7008;0,1762918;-1,220108;-0,6428086;-2,352608;-6,568334;-6,785923;3,977997;4,180814;0,5433174;43,72676;70,33517;14,46738
118,8134;0;-0,001833916;0;-45,42483;3,920698E-06;9,465408E-06;135;0,4073089;1,803477;0,3676555;345,5253;72,93386;340,6654;-0,4039566;1,883824;-0,3783717;-6,713904;-4,725181;-1,355348;-6,532464;-1,799221;0,8646381;-14,54853;5,205156;26,70117
119,3621;0;-0,001819611;0;-45,29237;-4,732704E-06;1,96035E-06;315;0,459625;1,902116;0,2659872;343,6392;86,76639;315,6504;0,7243535;-0,4915604;0,497494;1,470473;-7,346015;7,770249;3,48438;0,410532;-1,310152;41,8025;3,684606;-21,20623
120,4118;0;-0,001830101;0;-45,45334;0;1,366038E-05;180;0,423275;1,731544;0,3250537;353,1111;72,50427;341,2355;-0,09249845;2,156769;0,03579916;-11,59733;-0,5589847;2,89452;-6,210478;-4,449407;2,714971;-6,514109;26,22942;70,23542
120,9742;0;-0,001849174;0;-45,55785;3,920698E-06;9,465408E-06;135;0,3224826;1,329098;0,3177942;46,10662;69,95734;316,6807;0,5620708;0,3276883;-1,870299;5,212058;17,8257;-9,639519;-6,396852;2,670565;1,210196;-117,4426;45,28369;38,20871
121,0535;0;-0,001872063;0;-45,71597;3,920698E-06;9,465408E-06;135;0,3555643;1,458358;0,147459;19,11001;106,2751;330,1713;0,3462714;1,295269;-1,808832;-7,853435;5,414763;6,9549;-7,470353;1,801565;-0,1658363;3,882299;17,6645;21,7246
121,6367;0;-0,001764297;0;-45,25948;-3,9207E-06;9,465408E-06;225;0,4934661;1,790738;0,5056819;352,4915;55,8279;336,8672;-0,3809154;1,502366;0,5820617;-5,758119;-0,4128778;-4,615693;-4,16218;-4,276834;1,249435;-25,87864;-11,95019;8,161933
122,8009;0;-0,001801491;0;-45,43798;-3,9207E-06;9,465408E-06;225;0,4054273;1,877431;0,3222193;341,8177;75,71732;339,0432;-0,4851545;1,371693;0,8235487;-6,510209;-7,346792;1,791263;-2,844377;-4,237422;1,271403;22,75363;22,83264;7,617768
123,5;0;-0,001921654;0;-45,64414;3,920698E-06;9,465408E-06;135;0,3662564;1,365775;0,6263506;35,90596;51,37479;325,6029;1,123343;1,233429;-0,7467178;-0,7788101;16,37252;-7,23643;-6,921887;0,7924966;1,801851;-52,03223;34,12486;57,08958
124,0002;0;-0,002001762;0;-45,58559;0;0;0;0,3778119;1,946779;0,1216992;338,1552;109,2024;314,2931;0,09539375;-0,1243286;-0,7065142;14,65593;-37,18806;-1,71157;0,5028719;4,099257;-1,819326;122,6364;171,3159;-129,627
124,4874;0;-0,00206852;0;-45,47973;-4,732704E-06;1,96035E-06;315;0,2510858;1,448462;0,4837275;27,83785;74,46902;317,5667;-0,215601;-0,3203964;0,7329486;-0,5697062;-16,32987;4,104432;2,314886;2,072067;0,3975168;97,03675;70,33161;60,04359
125,3253;0;-0,002117157;0;-45,20383;4,732703E-06;1,960351E-06;45,00002;0,434904;1,679803;0,6196942;4,373516;59,4538;339,1717;0,3308893;-0,7388822;-0,09535177;6,000206;-16,88847;-7,498397;3,446812;4,187558;0,8223827;76,92175;112,8253;-37,70329
125,8882;0;-0,002105713;0;-45,24009;0;0;0;0,4546592;1,668334;0,6317601;5,654369;64,62331;329,9867;0,5667963;-1,278174;0,2422231;-0,4791162;-14,98976;-0,7206077;6,136957;2,757987;-0,7938504;131,8347;23,84859;-52,83259
127,1502;0;-0,002035141;0;-44,87836;0;1,366038E-05;180;0,6150036;1,502354;0,2836667;13,05749;77,34739;323,8952;1,153052;1,919582;-0,2067149;-9,861271;10,77023;3,545014;-5,606756;-4,751738;0,4526822;-8,567437;-55,89894;44,99646
129,4132;0;-0,002146721;0;-45,41095;-3,9207E-06;9,465408E-06;225;0,3607829;1,604452;0,5890176;3,098125;62,22777;340,2371;-0,1981915;1,433005;0,7994428;-7,322017;-2,522818;1,156907;-3,749104;-5,747699;1,690673;15,10063;4,807688;43,07258
130,4133;0;-0,002135277;0;-45,45988;3,920698E-06;9,465408E-06;135;0,357801;1,261849;0,4518136;35,54326;77,73644;328,9048;0,7126435;1,000813;-0,4971358;-1,877246;9,64819;-1,983141;-6,312702;-0,2889245;1,08513;-69,22776;4,069716;5,683927
131,59;0;-0,002109528;0;-45,20127;-4,829673E-06;4,829673E-06;270;0,4714068;1,365682;0,383742;29,03159;86,15069;331,0903;0,5397033;-0,273196;0,6978476;-1,856832;2,642818;13,11999;2,675336;-5,925306;3,205618;16,60991;-72,2398;46,45829
132,0747;0;-0,002090454;0;-45,12133;-4,829673E-06;4,829673E-06;270;0,4890807;1,586563;0,1877914;10,9336;103,376;327,7695;0,3638251;0,4242938;0,8497708;-0,2679754;-5,588587;15,21863;1,441394;-4,0404;0,8116769;24,70389;-15,33271;63,70188
132,1246;0;-0,002105713;0;-45,2206;-4,829673E-06;4,829673E-06;270;0,5055336;1,588266;0,2757409;12,71971;86,28954;334,0594;0,2496834;0,1094419;1,50181;-4,881978;-6,417936;9,627127;2,535879;-5,006203;1,983706;4,628964;-23,03324;-2,204843
132,6259;0;-0,002113342;0;-45,20168;0;0;0;0,4616235;1,868689;0,3794938;339,6668;78,28664;335,8566;0,5561805;-0,5210091;0,09456915;4,515691;-11,87912;5,351075;4,018654;0,810737;-0,6559328;70,93761;-14,36402;-18,15228
133,375;0;-0,002128601;0;-45,30406;-4,732704E-06;1,96035E-06;315;0,4229506;1,597272;0,5653755;1,183245;73,98965;324,3265;0,007109687;-0,9165947;0,9839686;0,04433159;-9,562012;7,966004;4,775239;-1,224579;-0,6516049;81,51431;-27,7755;-37,86457
133,95;0;-0,002158165;0;-45,48417;-4,829673E-06;4,829673E-06;270;0,3824303;1,36457;0,5675257;30,40893;72,51536;319,8444;0,1871294;-0,006897578;1,288967;-5,800226;-0,1978354;12,39736;2,809911;-5,912912;2,33479;38,56505;-58,46244;35,90065
134,888;0;-0,002112389;0;-45,49139;4,732703E-06;1,960351E-06;45,00002;0,3456294;1,371733;0,6246456;36,75032;56,32832;333,7783;-0,04617294;-1,58262;-0,3548173;-3,315273;-8,264197;-9,396547;5,607895;4,008574;-0,7829773;65,3502;57,96593;-45,24166
135,4002;0;-0,002123833;0;-45,46028;-4,829673E-06;4,829673E-06;270;0,3923913;1,33966;0,3350201;31,26812;85,73241;327,0698;0,4709268;0,2536988;1,023355;-2,87911;-1,674285;11,6061;1,23543;-5,072814;2,668069;26,63642;-36,14715;48,69683
136,8383;0;-0,002116203;0;-45,41837;-4,829673E-06;4,829673E-06;270;0,4535705;1,836462;0,5599254;344,7485;69,44073;328,5235;-0,3241022;0,5212792;1,613487;-6,70817;-0,2143114;7,234865;1,917441;-6,638565;1,303192;23,47537;-65,60617;33,8046
137,8969;0;-0,002108574;0;-45,48054;3,920698E-06;9,465408E-06;135;0,4079425;1,274641;0,3845598;47,24834;72,5465;323,4221;0,861957;1,152013;-0,3240105;0,3393321;13,3782;1,667303;-4,311154;-0,97097;2,020289;-33,43941;-24,89786;46,76497
139,5211;0;-0,002142906;0;-45,41045;0;0;0;0,4508107;1,84191;0,6115919;343,5091;63,53443;339,4721;0,8325526;-0,5417545;0,4261625;2,738889;-16,31028;1,907304;5,032173;2,18156;-0,106821;93,50916;24,56503;-11,98683
141,8504;0;-0,002116203;0;-45,45107;-4,732704E-06;1,96035E-06;315;0,4245175;1,601874;0,2641279;355,7194;82,69442;321,0685;0,2773648;-0,8447198;0,2544814;1,67425;-10,73316;6,074178;3,767583;0,647579;-1,500743;68,47446;-5,966686;-31,33391
143,9262;0;-0,0020895;0;-45,37809;4,732703E-06;1,960351E-06;45,00002;0,4251895;1,609181;0,3688583;356,2964;74,30515;336,1756;0,3441368;-0,6163021;-0,3058738;1,719894;-14,50138;-2,243394;1,333243;2,620703;-0,265663;29,02057;32,55591;-28,47647
145,1139;0;-0,002084732;0;-45,07535;4,829673E-06;4,829673E-06;90;0,5543528;1,602198;0,3066454;2,677987;72,88603;346,3813;0,4414583;0,4235053;-1,116046;-2,534316;-4,869615;-10,99548;-2,624781;3,341792;-0,8799077;-6,430096;40,53271;-5,630778
145,1634;0;-0,002099991;0;-45,17453;4,829673E-06;4,829673E-06;90;0,5563452;1,603799;0,2150121;1,955197;94,51256;335,9974;0,1734262;0,1457628;-1,577894;-9,476086;-5,929235;-4,652348;-2,844962;6,245682;-2,685909;-8,994177;56,18588;-52,77831
147,6142;0;-0,002086639;0;-45,18832;0;0;0;0,5243383;1,844516;0,3304979;334,6403;81,03697;336,8458;0,551044;-1,001339;-0,06651157;1,508557;-13,80814;1,736422;2,976415;1,935347;-0,4286205;47,90859;16,01022;4,194112
147,7017;0;-0,002112389;0;-45,36443;0;0;0;0,5636221;1,655246;0,3360675;0,686465;79,23379;328,6576;0,3616596;-2,139612;0,06506578;-5,616483;-11,60823;1,648331;4,785901;2,554691;-1,322964;28,42215;27,14779;8,369277
148,3139;0;-0,00215435;0;-45,54756;0;1,366038E-05;180;0,4959008;1,302914;0,3488935;41,15702;69,92447;334,8034;1,389465;1,771063;0,1034456;0,8294616;17,63186;-0,6860352;-5,095235;-1,861143;2,389844;-35,94518;17,99381;-0,9844742
148,9137;0;-0,002103806;0;-45,22539;0;0;0;0,5773186;1,826666;0,3249699;339,9648;76,61148;337,1549;0,7671902;-1,554987;0,1085074;-1,312749;-13,39877;0,8628259;4,313762;1,288811;-1,138256;37,93105;-1,709255;-26,38849
148,9763;0;-0,002121925;0;-45,3491;0;0;0;0,6056047;1,664301;0,3313057;2,782098;75,81216;334,8423;0,4236024;-2,408433;0,08466088;-9,625421;-12,78964;-1,343104;5,45519;2,402692;-0,7417641;1,629981;23,86805;-18,78456
150,4513;0;0;0;-45,74459;0;0;270;-0,5530391;1,362242;0,2098304;27,6166;343,0627;305,5427;-1,419741;0,0325279;0,3430772;-14,06378;-3,675194;-6,095798;2,93472;-2,954216;1,611952;67,49355;-68,71542;34,55363
151,0519;0;0;0;-45,47488;0;0;45,00002;-0,4545578;1,640224;0,2533147;5,069942;358,9392;332,468;0,9202074;-0,4936826;0,3275054;2,371154;-26,36263;-2,268192;1,01184;4,812027;-1,33476;80,24239;63,66696;-60,33302
151,5395;0;0;0;-45,62309;0;0;225;-0,4304377;1,297836;0,2322351;43,50198;345,6836;326,2657;-1,123283;1,105823;1,028908;-9,950458;24,44042;-2,93456;-2,168699;-6,156899;4,302055;-61,30909;-35,52328;1,994594
151,6393;0;0;0;-45,82141;0;0;225;-0,5864937;1,561338;0,2455302;9,076172;332,8597;347,117;-1,408923;2,461659;-0,1437096;4,156919;-0,3801464;-13,36096;-4,818158;-4,392247;2,647576;5,316143;45,26223;-32,01568
154,4148;0;0;0;-45,49782;0;0;90;-0,4035344;1,844834;0,3213114;350,6812;348,6306;355,0468;1,52748;0,92186;0,29887;16,5027;-6,851023;-6,434958;-1,761933;4,219273;-0,565958;-13,59217;76,50865;-58,79493
154,4767;0;0;0;-45,62228;0;0;90;-0,2550313;1,8531;0,2923597;348,2283;17,72847;333,5685;2,104967;0,250867;-0,3065965;-1,8177;-13,97209;-9,617534;-2,788473;6,880361;-2,748654;1,636816;4,223003;-22,91313
155,5145;0;0;0;-45,65372;0;0;135;-0,7193203;1,28238;0,2684106;41,14897;328,0981;307,2793;0,8279933;1,468946;1,615791;14,75062;12,05786;-4,998543;-6,069645;-0,4517017;-0,3295942;-27,38648;14,04255;-10,8959
155,5895;0;0;0;-45,80445;0;0;135;-0,6027515;1,458576;0,328923;19,29;357,2044;321,0594;1,36576;2,210546;0,808648;-2,87868;5,694858;-12,33931;-7,311612;0,293888;-0,5861177;-0,8795362;-13,67608;-19,10772
156,1521;0;0;0;-45,27033;0;0;0;-0,725437;1,837683;0,395583;336,9219;337,1169;335,8583;-1,007287;-1,802826;0,937299;-1,227606;-18,04938;0,8313847;5,697487;0,4692392;0,6405587;30,06033;22,44905;-3,003305
156,2014;0;0;0;-45,36954;0;0;0;-0,7739449;1,686685;0,4366848;1,791988;331,9395;332,7122;-0,9288763;-2,691475;0,774202;4,850482;-15,31498;-9,221665;7,707149;1,935342;-0,5965462;27,74492;30,21808;-17,70395
156,7519;0;0;0;-45,62191;0;0;270;-0,609479;1,322134;0,2715851;29,5332;349,1241;305,8662;-1,8774;0,2591703;0,7254925;-17,66258;0,9130371;-3,286871;3,789438;-6,31717;1,792834;59,61576;-75,55896;20,27952
157,8525;0;0;0;-45,5075;0;0;270;-0,2788918;1,560167;0,3226058;7,402265;1,811438;307,1736;-0,9181231;0,1376115;0,3271667;-13,6929;-6,621021;-3,744918;2,689541;-3,279005;1,803158;30,96658;-26,29175;33,17235
158,8848;0;0;0;-45,35115;0;0;315;-0,3455268;1,608179;0,3431765;0,176921;3,366716;316,2065;-0,6228233;-0,7025375;0,4412213;-9,375647;-10,55644;-0,1346869;3,378013;0,07005431;0,3022433;43,45093;-11,94149;12,84686
158,9726;0;0;0;-45,534;0;0;315;-0,4622148;1,451903;0,3513198;26,92067;339,9612;315,1091;-1,245083;-1,740374;-0,03534519;-2,69461;-9,798954;-11,84951;6,727973;0,3309087;0,04867585;31,26037;23,9395;-46,02378
161,676;0;0;0;-45,19385;0;0;45,00002;-0,3718575;1,602267;0,4915095;5,110082;347,4561;331,6336;0,03223845;-1,063583;0,6389499;1,871373;-14,76777;-2,573231;3,43862;4,111692;-0,5801641;72,21939;72,73486;-10,60124
162,8765;0;0;0;-45,42281;0;0;45,00002;-0,8410968;1,341181;0,4148236;24,24001;334,1943;330,8837;0,5084398;-1,106011;0,1480626;11,66252;-20,26997;-3,694844;1,69973;3,081864;0,3348786;53,03019;84,44025;-30,04415
163,6894;0;0;0;-45,90184;0;0;0;-0,4553952;1,981351;0,3048599;326,377;10,61154;297,2563;0,9895874;-0,02010436;0,3656013;-12,83333;-28,19869;5,489473;0,4947406;4,200111;-0,7949662;173,2942;-16,28051;-45,18154
164,4897;0;0;0;-45,38092;0;0;180;-0,4122986;1,562269;0,4424571;13,91123;358,53;327,6612;0,5780943;1,435942;0,6846576;-3,487176;15,78047;-6,132046;-5,070875;-1,727517;0,818235;-49,53071;7,841974;72,96585
164,5526;0;0;0;-45,50575;0;0;180;-0,4049998;1,698455;0,4488075;348,9813;357,0604;331,6551;0,1703061;1,974196;0,1538113;-6,00861;0,02280781;-9,326869;-5,621129;-3,633277;0,4140747;6,485478;-18,4428;-16,73841
165,5389;0;0;0;-45,13569;0;0;315;-0,3843232;1,649297;0,5722309;8,356174;3,667878;316,8704;0,09657954;-1,794397;0,9180041;-9,208867;-10,29277;-1,568457;4,589835;2,763426;0,705002;68,34103;-30,39736;-5,255704
166,0144;0;0;0;-45,09495;0;0;180;-0,4026741;1,842084;0,5566702;346,9797;353,931;332,9768;-0,02430401;2,1582;-0,4527498;-1,290769;-6,230762;-9,736011;-5,500918;-2,745338;0,661595;3,281775;24,78458;0,684974
167,2518;0;0;0;-45,20221;0;0;135;-0,6903798;1,617812;0,4529062;15,38527;337,0381;327,9653;0,7133451;2,319043;0,8861287;12,39156;6,693864;-13,07742;-7,204894;0,04906408;0,5878099;-48,1251;6,417207;-13,59305
167,3268;0;0;0;-45,35196;0;0;135;-0,5888853;1,795039;0,4314369;349,6258;354,5727;322,6148;1,199341;2,223806;-0,1760727;0,6206115;-7,82318;-12,47819;-7,025206;-0,1360249;-1,041664;9,064241;-9,215185;-0,3022324
168,9781;0;0;0;-45,38243;0;0;180;-0,763307;1,55584;0,4475889;5,012992;327,6504;312,1149;-0,1307981;2,613616;0,9900848;4,51732;6,678524;-13,82961;-6,614354;-4,754811;-1,4162;4,297039;-17,47836;45,26284
169,0391;0;0;0;-45,50219;0;0;180;-0,7544775;1,724545;0,4499663;348,5041;331,9272;327,7999;0,08076074;2,554954;0,1712909;2,265961;-6,510188;-11,4072;-4,953793;-2,202909;2,48032;18,48479;39,80135;10,01053
170,4771;0;0;0;-45,65339;0;0;90;-0,8275426;1,442044;0,4385324;22,95467;333,563;317,4362;1,36962;0,521169;0,6138244;17,82764;-18,35161;-12,58176;-4,631227;4,495172;-3,775496;-6,298997;87,44469;-33,9208
171,8168;0;0;0;-45,49998;0;0;225;-0,3762919;1,256023;0,4561538;43,474;356,1124;338,7086;-0,08138809;1,291142;1,028934;-6,630471;14,478;-0,3958395;-5,068371;-3,191548;1,173865;-57,1262;-29,97002;57,77691
172,7888;0;0;0;-45,33671;0;0;315;-0,3777525;1,38289;0,4436526;29,16703;5,019859;318,1656;-0,1639156;-1,455617;0,1399378;-9,345616;-6,745645;-1,576047;5,335793;2,508681;-0,7729694;52,29075;-14,31049;-14,18924
173,3406;0;0;0;-45,40429;0;0;270;-0,3664103;1,795324;0,4261118;340,6671;3,566057;314,2484;-1,078599;0,9028515;0,2799511;-10,46414;-2,214191;0,1537903;2,390295;-5,766923;0,7909245;33,37715;-42,09317;20,61663
173,7897;0;0;0;-45,03038;0;0;0;-0,467382;1,815498;0,4599357;335,3048;355,5169;330,722;0,03563599;-1,212294;0,8570883;-2,922682;-13,71072;2,949444;3,47835;1,470313;0,004468217;46,00954;-8,764729;-3,304163
173,8557;0;0;0;-45,16304;0;0;0;-0,4667685;1,66162;0,5114295;2,431657;356,0283;328,3826;0,02556972;-2,268221;0,7610462;0,6987536;-16,16905;-7,443174;6,003618;3,885375;-0,4648095;39,37769;47,08487;-34,34591
173,8896;0;0;0;-45,23441;0;0;0;-0,4656765;1,545858;0,5183347;20,86373;356,3028;325,8395;0,01816679;-2,724064;0,3901736;-0,5299216;-10,36921;-13,50744;6,548451;4,602427;-0,382027;5,638387;14,39139;17,77273
174,5143;0;0;0;-45,23299;0;0;315;-0,6658525;1,400802;0,481516;17,47613;338,5841;312,1759;-1,110086;-0,5336697;0,1362335;-2,491242;-16,13035;-4,923379;4,191444;-1,26441;0,7055326;72,88498;24,15466;-10,41768
176,1023;0;0;0;-45,13661;0;0;45,00002;-0,7547138;1,672116;0,5031804;3,292005;340,6812;339,08;-0,01112923;0,01891829;0,5140198;7,370097;-14,4879;-0,1871884;1,197496;3,740232;-2,264952;42,24606;65,25055;-100,2734
177,3991;0;0;0;-45,25387;0;0;180;-0,7260414;1,357809;0,5467148;38,29757;332,9258;316,3772;-0,5698084;1,943057;1,56164;-0,9356378;21,06431;-1,018404;-4,332155;-3,41294;1,912743;-63,42889;-46,79954;54,57937
177,4485;0;0;0;-45,35801;0;0;180;-0,7497103;1,534771;0,5953853;15,5431;332,0048;328,899;-0,4880282;2,848921;1,120926;4,463193;13,11769;-15,20097;-5,562371;-4,465861;2,827443;-20,57706;-10,0706;0,6057959
177,5225;0;0;0;-45,50286;0;0;180;-0,7287142;1,772891;0,5649994;347,1843;342,0769;332,3877;0,1445096;2,917188;-0,08300681;7,838196;-10,86889;-12,54905;-6,571378;-1,706542;0,2027828;3,214635;55,08054;-57,78716
177,8736;0;0;0;-45,31686;0;0;0;-0,577886;1,840356;0,4649225;358,5576;6,154991;299,5575;0,07118595;-0,4750048;0,09938369;-0,5781722;-13,27695;3,704786;1,616582;2,539188;-1,140255;47,9151;54,42186;-16,3641
178,4754;0;0;0;-45,34753;0;0;225;-0,7253036;1,794441;0,3814482;355,8916;347,3477;291,2763;-0,7301466;0,4000753;0,4159757;-6,911746;20,36377;-3,223333;1,658316;-4,269311;0,6978785;11,41833;-85,35674;48,32806
178,9693;0;0;0;-45,31137;0;0;315;-0,577056;1,826496;0,4820111;356,2242;7,242437;296,1164;-0,1068939;-1,583988;1,206727;-21,91442;-17,71127;8,217271;4,356952;4,603896;-0,3503685;114,8402;24,03167;-38,6089
179,0196;0;0;0;-45,4105;0;0;315;-0,6804373;1,678186;0,5392077;22,38044;339,42;283,4608;-1,191863;-2,309941;1,097446;-17,06171;-6,420032;-13,22252;8,269914;5,086688;-1,659474;38,8873;-8,782941;-33,0042
179,9492;0;0;0;-45,40159;0;0;180;-0,7922249;1,796874;0,4741579;355,3116;338,7017;327,4313;0,2814402;2,185129;-0,08286954;1,099805;0,8918693;-11,15192;-5,658582;-3,489564;0,5001187;-10,68092;-17,47925;5,456866
180,5177;0;0;0;-45,62265;0;0;180;-0,5144764;1,294415;0,3217937;51,69844;15,23173;339,5713;1,001214;1,680172;1,28339;-16,95973;37,01381;20,00981;-5,926872;-1,043071;1,209488;-84,07928;-32,27488;29,54147
180,5527;0;0;0;-45,68122;0;0;180;-0,5210895;1,430544;0,3960202;29,25255;8,84833;335,3739;0,2193143;2,881107;1,670873;-24,88067;28,0472;-0,4807726;-7,634569;-4,447939;0,44039;-40,11802;-99,68194;-0,06967166
181,0262;0;0;0;-45,43187;0;0;180;-0,7797375;1,310509;0,3756519;41,69748;336,6969;333,9991;-0,5073917;2,140763;1,648127;-4,472577;40,0207;14,41605;-6,404679;-2,387199;3,380018;-84,79423;-29,79446;20,2041
181,0636;0;0;0;-45,50463;0;0;180;-0,8041743;1,48849;0,4471461;16,51772;339,3202;329,2815;-0,5760268;3,626571;1,719722;1,246657;35,18235;-12,65735;-8,67489;-4,328843;-0,1535831;-48,96495;-58,81096;-33,9217
181,1133;0;0;0;-45,60385;0;0;180;-0,8085349;1,7565;0,4466197;348,2332;336,4138;343,7614;-0,1717569;4,68943;0,3894617;15,10997;3,171971;-34,20571;-9,066785;-4,169191;2,422709;-19,27371;19,22328;-20,65701
181,6993;0;0;0;-45,88103;0;0;180;-0,7676097;1,182412;0,1877348;43,22043;338,0745;335,2996;-0,3251463;1,489293;1,532963;-11,63457;26,91959;8,597296;-6,920432;-3,290726;3,94096;-84,87096;-43,06298;-102,7863
182,5786;0;0;0;-45,5027;0;0;45,00002;-0,3230725;1,410645;0,2661193;16,2908;14,92043;336,9989;1,635392;-0,261973;-0,09428119;9,315996;-11,25642;-8,313986;-2,037804;3,200988;-2,338983;-10,64624;45,29926;-56,51191
183,4799;0;0;0;-45,67193;0;0;0;-0,3986854;1,848199;0,2793159;330,9274;4,168808;329,8618;0,09336207;-0,8098058;0,2586279;3,64158;-31,56849;5,486287;2,43527;3,01302;-0,1047898;28,17965;56,58289;9,516201
183,5411;0;0;0;-45,79973;0;0;0;-0,3856883;1,659931;0,3084265;2,904079;10,16424;326,564;0,1592003;-2,643279;0,3828211;-0,9776402;-26,51402;-4,644914;6,112666;5,947429;0,6030403;70,20699;48,543;41,88685
183,5893;0;0;0;-45,89443;0;0;0;-0,3838941;1,456008;0,2895475;35,46836;15,3124;328,5682;0,04307128;-3,614818;-0,2133886;-5,328007;-11,61288;-18,46618;7,586898;7,330626;1,01667;7,181005;31,23899;15,69157
184,5904;0;0;0;-45,48381;0;0;180;-0,6714044;1,315374;0,3941781;40,06767;331,2647;326,0638;-0,7898289;2,034539;1,676543;-0,951405;20,40578;-4,796782;-5,497868;-3,260548;2,750362;-44,37863;1,78707;57,19817
184,6275;0;0;0;-45,56203;0;0;180;-0,7004409;1,436989;0,4386221;23,19815;331,9825;329,6835;-0,7615577;2,703943;1,318387;2,383991;14,28888;-13,2983;-6,308212;-3,99378;1,388174;-18,95376;-21,1365;-53,04924
184,7155;0;0;0;-45,73259;0;0;180;-0,7261686;1,719011;0,4380963;347,5653;329,0691;333,7348;-0,2296621;2,9741;-0,05416539;6,879033;-6,679718;-13,79645;-5,961056;-3,323691;0,5049902;2,529462;33,41571;1,310105
185,8653;0;0;0;-45,36307;0;0;270;-0,6888875;1,286677;0,4529952;34,9121;343,9409;299,9304;-0,9438183;-1,496449;-0,1921247;-11,49601;8,067981;-4,873041;5,305057;0,1822012;0,6084047;48,31192;-38,43701;41,70681
186,9784;0;0;0;-45,29916;0;0;180;-0,7518048;1,336929;0,4741537;25,92576;334,9655;338,0497;-0,4240868;1,929392;1,327127;5,600416;10,51057;-8,192674;-5,629383;-2,66785;1,902551;-11,09013;29,02666;22,8567
187,0164;0;0;0;-45,37939;0;0;180;-0,7533141;1,430219;0,5013791;14,03131;339,1655;341,8586;-0,1807074;2,190861;0,9305207;5,874846;2,288517;-11,10571;-5,741334;-1,413051;0,7920045;3,741027;13,05212;-55,77904
187,5177;0;0;0;-45,52711;0;0;90;-0,4123975;1,555002;0,4309212;10,84779;1,534249;348,8472;1,912219;-0,3571215;0,003355225;14,34264;6,562522;-16,17491;-0,08271163;10,70105;-4,98781;-39,66074;93,98765;-46,32444
187,5538;0;0;0;-45,60239;0;0;90;-0,3232431;1,551347;0,3871409;8,700782;21,31722;345,4205;2,085587;-0,1545791;-0,6566917;-2,358128;4,220955;-14,8932;-2,0965;9,802014;-2,438659;-44,23734;-46,93077;66,24533
190,9147;0;0;0;-45,36955;0;0;270;-0,2703376;1,834715;0,4487143;344,4978;25,86644;284,8207;-1,350342;0,7664335;0,5136077;-14,91697;-4,167918;2,471299;2,853399;-1,9086;-0,5625942;28,83901;-21,90906;-3,522615
190,9534;0;0;0;-45,44846;0;0;270;-0,3546222;1,85551;0,4712729;340,3052;13,8491;287,5327;-1,907766;0,6233243;0,5119084;-13,96283;-3,158283;-3,040796;3,88034;-2,787758;-0,7749047;27,72261;-22,59324;-4,768946
191,0399;0;0;0;-45,6214;0;0;270;-0,595318;1,888026;0,4649677;333,4464;337,6168;306,5831;-2,654482;0,2982007;-0,247116;-1,283828;-6,434422;-12,00765;5,025677;-4,053585;0,4685564;-2,713427;-1,311011;30,26833
194,1411;0;0;0;-45,26958;0;0;270;-0,1377755;1,530236;0,3949263;3,638384;18,18584;281,8573;-0,8127391;1,264918;0,7122445;-24,45513;1,194573;2,271573;2,679017;-4,008232;1,38556;12,07739;-80,18092;89,66783
194,1909;0;0;0;-45,36947;0;0;270;-0,2677075;1,58118;0,4363585;353,2193;359,4787;292,5923;-2,229419;0,9883764;0,7157536;-30,02911;-12,47122;-1,872434;4,523643;-5,544341;2,056666;55,24195;-28,29232;-17,19185
194,2407;0;0;0;-45,46764;0;0;270;-0,4623169;1,582567;0,4561832;351,4598;329,7368;299,265;-3,4137;0,1964952;0,3305419;-13,55679;-19,56739;-14,00804;7,67556;-5,073151;0,8697361;48,94608;41,11833;7,250638
194,8159;0;0;0;-45,6059;0;0;270;-0,2143499;1,843333;0,2723836;330,7543;27,26197;277,0821;-1,705114;0,6444539;0,7171448;-21,57411;-5,922931;6,302089;5,378073;-2,823519;-0,3094929;66,24523;-4,071733;-6,064375
194,8539;0;0;0;-45,68491;0;0;270;-0,3252623;1,851852;0,3097256;330,72;4,700595;283,2795;-2,482096;0,3410268;0,8064375;-18,29057;-8,930717;-3,273133;7,629025;-2,012506;-1,808641;59,64165;19,64222;-51,57165
194,905;0;0;0;-45,78789;0;0;270;-0,497451;1,844159;0,3220626;334,4418;335,7812;294,3877;-3,126786;-0,07410546;0,232532;-4,653776;-7,896735;-17,0097;8,312302;-1,488805;-0,8699774;-10,17847;16,97996;70,26579
195,4659;0;0;0;-45,61773;0;0;45,00002;-0,4911895;1,372597;0,3674935;23,47874;346,8122;346,8355;1,330818;-2,252181;0,513845;5,180011;-5,156073;-11,59454;4,811839;5,534791;-0,01125859;23,81271;19,5166;-28,0117
199,9162;0;0;0;-45,30239;0;0;45,00002;-0,3430863;1,541716;0,4306876;352,0582;338,9533;341,3301;0,9389134;-1,084374;0,3178301;13,53846;-9,676773;-0,6643586;1,158588;3,228014;-0,2443435;-19,15594;61,40572;-23,8743
200,0025;0;0;0;-45,46597;0;0;45,00002;-0,1808997;1,355859;0,399987;22,35199;19,75386;323,2361;1,682339;-2,005094;-0,4363265;-1,946968;-4,220452;-18,0673;0,5509369;9,953483;-2,786571;-44,92427;27,28295;-20,84565
201,4522;0;0;0;-45,43402;0;0;90;-0,3729022;1,338278;0,4678449;23,97165;349,4457;321,9266;1,279774;-0,07403241;0,3730568;7,42646;-5,276222;-7,007197;-3,168221;4,70414;-4,531664;-23,42737;76,57814;-60,44292
202,9786;0;0;0;-45,40031;0;0;180;-0,316391;1,282611;0,4555706;44,05521;338,2466;340,322;-0,1025662;2,224614;1,379861;5,443682;24,16064;-4,984558;-6,984555;-1,563169;4,736522;-96,92799;72,84402;67,81693
203,0279;0;0;0;-45,50587;0;0;180;-0,311653;1,466122;0,4909819;15,31639;353,5901;346,8846;0,009412483;3,137647;0,8298585;-1,562368;10,70407;-16,68131;-9,721757;-0,2885436;0,08300946;-36,30309;-25,08545;-126,6439
203,0891;0;0;0;-45,62402;0;0;180;-0,32209;1,674736;0,462558;345,1478;353,3292;345,0165;-0,1620944;3,15884;-0,1837817;-2,796407;-7,559607;-15,05035;-8,341634;-1,782001;-0,0376703;25,41136;-14,83773;22,6004
206,6725;0;0;0;-45,18877;0;0;45,00002;-0,4382121;1,819254;0,4870577;346,8805;342,5383;331,7055;0,1927733;-0,6509321;0,5265892;2,142233;-11,77237;2,187091;2,206051;3,432116;-0,8633844;24,74122;28,58013;-44,77899
208,7984;0;0;0;-45,07309;0;0;135;-0,7425092;1,32675;0,3958684;28,07558;331,7331;326,6785;0,3030976;1,438975;1,416108;9,782383;4,894645;-4,931815;-5,590162;1,350113;-0,7602289;-13,91666;26,87127;-10,69112
208,9014;0;0;0;-45,27862;0;0;135;-0,6477444;1,500189;0,4444998;4,216168;350,9904;321,7303;0,7616076;1,646124;0,5591539;-0,6764242;-0,817777;-8,819337;-5,202709;0,2556066;-1,397619;11,02892;-19,64034;12,9086
209,8525;0;0;0;-45,28095;0;0;270;-0,8148335;1,309812;0,03954085;27,79804;292,3653;299,3596;-1,177912;-0,1663039;-1,017609;-2,877923;1,429288;-7,232206;4,189868;-3,257656;1,800493;31,05606;-34,60275;2,519576
210,55;0;9,536743E-07;0;-45,10916;0;0;270;-0,6787662;1,599933;0,2101961;1,248713;324,2751;312,2849;-1,339892;0,1799947;-0,8364092;-10,07213;-4,411644;-10,11992;2,527625;-3,814754;0,09493136;28,09368;-33,28921;-24,98323
210,5757;0;-9,536743E-07;0;-45,15746;0;0;270;-0,7302469;1,596369;0,1716801;0,3368891;314,3231;310,8933;-1,563672;0,06438027;-1,106674;-6,956881;-4,070524;-10,93795;3,317274;-4,263207;-0,4484553;33,26276;-16,37758;-20,38216
210,6536;0;-9,536743E-07;0;-45,3105;0;0;270;-0,8720844;1,576201;0,008028241;2,417199;283,3373;318,2707;-1,677874;-0,2218894;-1,998448;4,429346;-4,441409;-10,21023;4,544323;-5,154416;0,4816984;9,867542;-19,41987;-19,79747
212,7266;0;-2,861023E-06;0;-44,62355;0;0;0;-0,9374657;1,79181;-0,1833301;336,5517;277,2512;329,3257;-0,4426564;-1,179615;-0,03244253;-2,351874;-12,02726;-2,507705;2,845073;1,681184;-0,1223974;16,27672;11,18036;4,53085
212,8019;0;-2,861023E-06;0;-44,77152;0;0;0;-0,9764192;1,611348;-0,205001;359,8156;269,7336;331,0219;-0,4499753;-2,146801;-0,2284034;3,60099;-14,26617;-0,644365;5,023301;1,538124;0,29466;31,64999;11,77181;18,35496
212,8551;0;-2,861023E-06;0;-44,87791;0;0;0;-0,9710037;1,441199;-0,2141065;24,78261;273,1815;322,5645;-0,06464958;-2,87624;-0,2021734;11,57504;-9,783564;-1,791242;5,855229;4,695364;-1,282025;16,52199;72,26982;-16,86186
213,4274;0;-4,768372E-06;0;-44,89685;-5,857827E-07;-2,529715E-06;135;-1,044526;1,640839;-0,5988525;1,805916;241,65;328,9985;-0,466083;2,231869;-0,01185078;10,85311;1,169565;4,227611;-5,478863;-2,614281;1,269719;-7,825997;-11,57512;-18,69406
214,4792;0;2,861023E-06;0;-44,88503;0;0;0;-0,7369168;1,835529;-0,6912559;335,1614;238,9118;331,8171;-0,8917569;-1,454842;-0,8608863;0,4514771;-11,2175;-4,24891;3,812355;1,268722;-0,6829875;19,08156;-25,30397;-22,07292
214,5512;0;2,861023E-06;0;-45,03342;0;0;0;-0,787934;1,632084;-0,7731386;7,219665;231,568;336,9198;-0,6601124;-2,483962;-0,9780834;7,578978;-16,4001;3,13134;6,897594;1,793009;0,8034716;50,00086;16,77542;21,18163
214,6018;0;2,861023E-06;0;-45,13313;0;0;0;-0,7752201;1,451537;-0,7968742;30,77735;228,0434;330,0214;-0,0597725;-3,119539;-0,629722;15,99154;-7,95233;9,574796;7,226346;2,569749;-0,6604086;-19,30477;16,0519;-36,00975
219,9758;0;-3,33786E-05;0;-44,8203;0;0;180;-0,3935178;1,826502;-0,8670413;357,1685;212,1034;352,4408;0,08762109;1,762835;0,1182003;4,032368;4,717829;5,140966;-5,144031;-0,4000306;-0,2721717;-35,29519;-2,671153;22,2525
221,4277;0;-1,049042E-05;0;-45,03092;0;0;180;-0,3134467;1,804316;-0,7698258;349,0469;208,4361;2,030794;0,1137901;2,490485;0,123092;6,116531;-6,765096;8,757656;-6,841302;0,4047557;-1,773943;13,7812;-36,43174;-20,96967
224,3031;0;-2,574921E-05;0;-44,96598;4,07111E-13;3,811648E-20;180;0,02376983;1,302617;-1,10638;20,09216;170,1547;353,8052;0,208861;1,474666;-0,8701009;-0,125048;8,755475;2,189021;-5,862776;-0,9514097;2,711717;-17,03694;4,745406;-8,81485
